SampleID,FwdBarcode,RevBarcode,InputFileName,SiteName
DS.1,GATCGTGT,AACTCTCG,DS-1_S73_L001.assembled.fastq,D_Sievert
DS.10,GATCGTGT,TAGCAGAC,DS-10_S82_L001.assembled.fastq,D_Sievert
DS.2,GATCGTGT,ACTATGTC,DS-2_S74_L001.assembled.fastq,D_Sievert
DS.3,GATCGTGT,AGTAGCGT,DS-3_S75_L001.assembled.fastq,D_Sievert
DS.4,GATCGTGT,CAGTGAGT,DS-4_S76_L001.assembled.fastq,D_Sievert
DS.5,GATCGTGT,CGTACTCA,DS-5_S77_L001.assembled.fastq,D_Sievert
DS.6,GATCGTGT,CTACGCAG,DS-6_S78_L001.assembled.fastq,D_Sievert
DS.7,GATCGTGT,GGAGACTA,DS-7_S79_L001.assembled.fastq,D_Sievert
DS.8,GATCGTGT,GTCGCTCG,DS-8_S80_L001.assembled.fastq,D_Sievert
DS.9,GATCGTGT,GTCGTAGT,DS-9_S81_L001.assembled.fastq,D_Sievert
EKH.15,TCGACGAG,ACTATGTC,EKH-15_S62_L001.assembled.fastq,Ekahanui
EKH.16,TCGACGAG,AGTAGCGT,EKH-16_S63_L001.assembled.fastq,Ekahanui
EKH.20,TCGACGAG,CAGTGAGT,EKH-20_S64_L001.assembled.fastq,Ekahanui
EKH.21,TCGACGAG,CGTACTCA,EKH-21_S65_L001.assembled.fastq,Ekahanui
EKH.22,TCGACGAG,CTACGCAG,EKH-22_S66_L001.assembled.fastq,Ekahanui
EKH.23,TCGACGAG,GGAGACTA,EKH-23_S67_L001.assembled.fastq,Ekahanui
EKH.24,TCGACGAG,GTCGCTCG,EKH-24_S68_L001.assembled.fastq,Ekahanui
EKH.25,TCGACGAG,GTCGTAGT,EKH-25_S69_L001.assembled.fastq,Ekahanui
EKH.26,TCGACGAG,TAGCAGAC,EKH-26_S70_L001.assembled.fastq,Ekahanui
EKH.27,TCGACGAG,TCATAGAC,EKH-27_S71_L001.assembled.fastq,Ekahanui
EKH.28,TCGACGAG,TCGCTATA,EKH-28_S72_L001.assembled.fastq,Ekahanui
EKH.6,TCGACGAG,AACTCTCG,EKH-6_S61_L001.assembled.fastq,Ekahanui
KB.1,CGTTACTA,TAGCAGAC,KB-1_S22_L001.assembled.fastq,Kaala_Bog
KB.10,AGAGTCAC,GGAGACTA,KB-10_S31_L001.assembled.fastq,Kaala_Bog
KB.11,AGAGTCAC,GTCGCTCG,KB-11_S32_L001.assembled.fastq,Kaala_Bog
KB.12,AGAGTCAC,GTCGTAGT,KB-12_S33_L001.assembled.fastq,Kaala_Bog
KB.13,AGAGTCAC,TAGCAGAC,KB-13_S34_L001.assembled.fastq,Kaala_Bog
KB.14,AGAGTCAC,TCATAGAC,KB-14_S35_L001.assembled.fastq,Kaala_Bog
KB.2,CGTTACTA,TCATAGAC,KB-2_S23_L001.assembled.fastq,Kaala_Bog
KB.3,CGTTACTA,TCGCTATA,KB-3_S24_L001.assembled.fastq,Kaala_Bog
KB.4,AGAGTCAC,AACTCTCG,KB-4_S25_L001.assembled.fastq,Kaala_Bog
KB.5,AGAGTCAC,ACTATGTC,KB-5_S26_L001.assembled.fastq,Kaala_Bog
KB.6,AGAGTCAC,AGTAGCGT,KB-6_S27_L001.assembled.fastq,Kaala_Bog
KB.7,AGAGTCAC,CAGTGAGT,KB-7_S28_L001.assembled.fastq,Kaala_Bog
KB.8,AGAGTCAC,CGTACTCA,KB-8_S29_L001.assembled.fastq,Kaala_Bog
KB.9,AGAGTCAC,CTACGCAG,KB-9_S30_L001.assembled.fastq,Kaala_Bog
KK.1,GATCGTGT,TCATAGAC,KK-1_S83_L001.assembled.fastq,Kaaikukai
KK.10,GTCAGATA,GTCGCTCG,KK-10_S92_L001.assembled.fastq,Kaaikukai
KK.11,GTCAGATA,GTCGTAGT,KK-11_S93_L001.assembled.fastq,Kaaikukai
KK.12,GTCAGATA,TAGCAGAC,KK-12_S94_L001.assembled.fastq,Kaaikukai
KK.13,GTCAGATA,TCATAGAC,KK-13_S95_L001.assembled.fastq,Kaaikukai
KK.14,GTCAGATA,TCGCTATA,KK-14_S96_L001.assembled.fastq,Kaaikukai
KK.2,GATCGTGT,TCGCTATA,KK-2_S84_L001.assembled.fastq,Kaaikukai
KK.3,GTCAGATA,AACTCTCG,KK-3_S85_L001.assembled.fastq,Kaaikukai
KK.4,GTCAGATA,ACTATGTC,KK-4_S86_L001.assembled.fastq,Kaaikukai
KK.5,GTCAGATA,AGTAGCGT,KK-5_S87_L001.assembled.fastq,Kaaikukai
KK.6,GTCAGATA,CAGTGAGT,KK-6_S88_L001.assembled.fastq,Kaaikukai
KK.7,GTCAGATA,CGTACTCA,KK-7_S89_L001.assembled.fastq,Kaaikukai
KK.8,GTCAGATA,CTACGCAG,KK-8_S90_L001.assembled.fastq,Kaaikukai
KK.9,GTCAGATA,GGAGACTA,KK-9_S91_L001.assembled.fastq,Kaaikukai
SP.1,CTACTATA,AACTCTCG,SP-1_S1_L001.assembled.fastq,Skeets_Pass
SP.10,CTACTATA,TAGCAGAC,SP-10_S10_L001.assembled.fastq,Skeets_Pass
SP.11,CTACTATA,TCATAGAC,SP-11_S11_L001.assembled.fastq,Skeets_Pass
SP.12,CTACTATA,TCGCTATA,SP-12_S12_L001.assembled.fastq,Skeets_Pass
SP.13,CGTTACTA,AACTCTCG,SP-13_S13_L001.assembled.fastq,Skeets_Pass
SP.14,CGTTACTA,ACTATGTC,SP-14_S14_L001.assembled.fastq,Skeets_Pass
SP.15,CGTTACTA,AGTAGCGT,SP-15_S15_L001.assembled.fastq,Skeets_Pass
SP.16,CGTTACTA,CAGTGAGT,SP-16_S16_L001.assembled.fastq,Skeets_Pass
SP.19,CGTTACTA,GGAGACTA,SP-19_S19_L001.assembled.fastq,Skeets_Pass
SP.2,CTACTATA,ACTATGTC,SP-2_S2_L001.assembled.fastq,Skeets_Pass
SP.20,CGTTACTA,GTCGCTCG,SP-20_S20_L001.assembled.fastq,Skeets_Pass
SP.21,CGTTACTA,GTCGTAGT,SP-21_S21_L001.assembled.fastq,Skeets_Pass
SP.3,CTACTATA,AGTAGCGT,SP-3_S3_L001.assembled.fastq,Skeets_Pass
SP.4,CTACTATA,CAGTGAGT,SP-4_S4_L001.assembled.fastq,Skeets_Pass
SP.5,CTACTATA,CGTACTCA,SP-5_S5_L001.assembled.fastq,Skeets_Pass
SP.6,CTACTATA,CTACGCAG,SP-6_S6_L001.assembled.fastq,Skeets_Pass
SP.7,CTACTATA,GGAGACTA,SP-7_S7_L001.assembled.fastq,Skeets_Pass
SP.8,CTACTATA,GTCGCTCG,SP-8_S8_L001.assembled.fastq,Skeets_Pass
SP.9,CTACTATA,GTCGTAGT,SP-9_S9_L001.assembled.fastq,Skeets_Pass
